Workbook

Sheet Cover
D3: Jeyavishnu Wastewater Recycle & Reuse Project, Tirupur
D7: UWR RoU Scope: 5 Monitoring Period: 01/01/2014-31/12/2024 Crediting Period: 2014-2024 UNDP Human Development Indicator:0.644(India) Uncertainty factor : 0.98 RoUs Generated During 1st Monitoring Period: 01/01/2014-31/12/2024

Sheet RoUs
A1: JEYAVISHNU CLOTHING PRIVATE LTD
A2: DAILY FLOW DETAILS FROM YEAR ( 2014 TO 2024 )
A3: SL NO | B3: MONTH & YEAR | C3: INLET FLOW M3/DAY | D3: OUTLET ETP FLOW M3/DAY | E3: TREATED WATER M3/DAY | F3: RoUs | G3: Year wise
A4: 1 | B4: 41640 | C4: 11510 | D4: 13069 | E4: 13177.83 | F4: =E4*0.98 -> 12914.273 | G4: =SUM(F4:F15) -> 202449.7
A5: 2 | B5: 41671 | C5: 13510 | D5: 13105.2 | E5: 13086.318 | F5: =E5*0.98 -> 12824.592 | I5: According to the RoU Standard, PP has accounted 1% each as the uncertainty factor in inflow and outflow volumes to be conservative. Hence an uncertainity factor of 0.98 is applied to all ROUs.
A6: 3 | B6: 41699 | C6: 14371 | D6: 13105 | E6: 14532 | F6: =E6*0.98 -> 14241.36
A7: 4 | B7: 41730 | C7: =10639+6228-1654 -> 15213 | D7: 14635 | E7: 15569 | F7: =E7*0.98 -> 15257.62
A8: 5 | B8: 41760 | C8: =11549+5993-1624 -> 15918 | D8: 16298 | E8: 16620 | F8: =E8*0.98 -> 16287.6
A9: 6 | B9: 41791 | C9: 14271 | D9: 14305 | E9: 14417 | F9: =E9*0.98 -> 14128.66
A10: 7 | B10: 41821 | C10: =(11077+5930)-2816 -> 14191 | D10: 14136 | E10: 19727 | F10: =E10*0.98 -> 19332.46
A11: 8 | B11: 41852 | C11: 11841 | D11: 11168 | E11: 11105 | F11: =E11*0.98 -> 10882.9
A12: 9 | B12: 41883 | C12: 21211 | D12: 18921 | E12: 18988 | F12: =E12*0.98 -> 18608.24
A13: 10 | B13: 41913 | C13: 20255 | D13: 20070 | E13: 20962 | F13: =E13*0.98 -> 20542.76
A14: 11 | B14: 41944 | C14: 23512.77 | D14: 22526 | E14: 23845.175 | F14: =E14*0.98 -> 23368.272
A15: 12 | B15: 41974 | C15: 26262 | D15: 24776 | E15: 24552 | F15: =E15*0.98 -> 24060.96
A16: 13 | B16: 42005 | C16: 18838 | D16: 18131 | E16: 18133 | F16: =E16*0.98 -> 17770.34 | G16: =SUM(F16:F27) -> 276828.44
A17: 14 | B17: 42036 | C17: 16010 | D17: 14973 | E17: 14901 | F17: =E17*0.98 -> 14602.98
A18: 15 | B18: 42064 | C18: 21224 | D18: 21576 | E18: 21263 | F18: =E18*0.98 -> 20837.74
A19: 16 | B19: 42095 | C19: 23259 | D19: 23760 | E19: 23245 | F19: =E19*0.98 -> 22780.1
A20: 17 | B20: 42125 | C20: 25345 | D20: 25203 | E20: 23968 | F20: =E20*0.98 -> 23488.64
A21: 18 | B21: 42156 | C21: 25031 | D21: 24680 | E21: 24390 | F21: =E21*0.98 -> 23902.2
A22: 19 | B22: 42186 | C22: 26469 | D22: 26867 | E22: 25888 | F22: =E22*0.98 -> 25370.24
A23: 20 | B23: 42217 | C23: 25851 | D23: 25635 | E23: 24957 | F23: =E23*0.98 -> 24457.86
A24: 21 | B24: 42248 | C24: 26537 | D24: 27471 | E24: 26754 | F24: =E24*0.98 -> 26218.92
A25: 22 | B25: 42278 | C25: 29146 | D25: 31451 | E25: 29823 | F25: =E25*0.98 -> 29226.54
A26: 23 | B26: 42309 | C26: 20832 | D26: 22260 | E26: 20663 | F26: =E26*0.98 -> 20249.74
A27: 24 | B27: 42339 | C27: 28204 | D27: 29999 | E27: 28493 | F27: =E27*0.98 -> 27923.14
A28: 25 | B28: 42370 | C28: 22015 | D28: 24007 | E28: 22839 | F28: =E28*0.98 -> 22382.22 | G28: =SUM(F28:F39) -> 301964.46
A29: 26 | B29: 42401 | C29: 28537 | D29: 26779 | E29: 27731 | F29: =E29*0.98 -> 27176.38
A30: 27 | B30: 42430 | C30: 31183 | D30: 29648 | E30: 29043 | F30: =E30*0.98 -> 28462.14
A31: 28 | B31: 42461 | C31: 25946 | D31: 23892 | E31: 24717 | F31: =E31*0.98 -> 24222.66
A32: 29 | B32: 42491 | C32: 28019 | D32: 26436 | E32: 26108 | F32: =E32*0.98 -> 25585.84
A33: 30 | B33: 42522 | C33: 29062 | D33: 28050 | E33: 28287 | F33: =E33*0.98 -> 27721.26
A34: 31 | B34: 42552 | C34: 29308 | D34: 27383 | E34: 28635 | F34: =E34*0.98 -> 28062.3
A35: 32 | B35: 42583 | C35: 29056 | D35: 28329 | E35: 29122 | F35: =E35*0.98 -> 28539.56
A36: 33 | B36: 42614 | C36: 30209 | D36: 29892 | E36: 29021 | F36: =E36*0.98 -> 28440.58
A37: 34 | B37: 42644 | C37: 24756 | D37: 22233 | E37: 22700 | F37: =E37*0.98 -> 22246
A38: 35 | B38: 42675 | C38: 24856 | D38: 23479 | E38: 23901 | F38: =E38*0.98 -> 23422.98
A39: 36 | B39: 42705 | C39: 17550 | D39: 17629 | E39: 16023 | F39: =E39*0.98 -> 15702.54
A40: 37 | B40: 42736 | C40: 17550 | D40: 17629 | E40: 16023 | F40: =E40*0.98 -> 15702.54 | G40: =SUM(F40:F51) -> 425386.64
A41: 38 | B41: 42767 | C41: 32015 | D41: 33061 | E41: 31468 | F41: =E41*0.98 -> 30838.64
A42: 39 | B42: 42795 | C42: 38370 | D42: 38412 | E42: 39542 | F42: =E42*0.98 -> 38751.16
A43: 40 | B43: 42826 | C43: 39143 | D43: 41164 | E43: 40303 | F43: =E43*0.98 -> 39496.94
A44: 41 | B44: 42856 | C44: 41159 | D44: 42444 | E44: 41128 | F44: =E44*0.98 -> 40305.44
A45: 42 | B45: 42887 | C45: 31152 | D45: 30398 | E45: 30653 | F45: =E45*0.98 -> 30039.94
A46: 43 | B46: 42917 | C46: 42704 | D46: 41200 | E46: 42521 | F46: =E46*0.98 -> 41670.58
A47: 44 | B47: 42948 | C47: 40136 | D47: 39644 | E47: 39123 | F47: =E47*0.98 -> 38340.54
A48: 45 | B48: 42979 | C48: 43478 | D48: 42559 | E48: 42619 | F48: =E48*0.98 -> 41766.62
A49: 46 | B49: 43009 | C49: 34870 | D49: 34831 | E49: 35358 | F49: =E49*0.98 -> 34650.84
A50: 47 | B50: 43040 | C50: 34870 | D50: 34831 | E50: 35358 | F50: =E50*0.98 -> 34650.84
A51: 48 | B51: 43070 | C51: 40139 | D51: 40716 | E51: 39972 | F51: =E51*0.98 -> 39172.56
A52: 49 | B52: 43101 | C52: 33801 | D52: 33009 | E52: 33624 | F52: =E52*0.98 -> 32951.52 | G52: =SUM(F52:F63) -> 455678.44
A53: 50 | B53: 43132 | C53: 31029 | D53: 30982 | E53: 31274 | F53: =E53*0.98 -> 30648.52
A54: 51 | B54: 43160 | C54: 42426 | D54: 41571 | E54: 41677 | F54: =E54*0.98 -> 40843.46
A55: 52 | B55: 43191 | C55: 44101 | D55: 43155 | E55: 42876 | F55: =E55*0.98 -> 42018.48
A56: 53 | B56: 43221 | C56: 42327 | D56: 41962 | E56: 41965 | F56: =E56*0.98 -> 41125.7
A57: 54 | B57: 43252 | C57: 39273 | D57: 38404 | E57: 38319 | F57: =E57*0.98 -> 37552.62
A58: 55 | B58: 43282 | C58: 41999 | D58: 40974 | E58: 41240 | F58: =E58*0.98 -> 40415.2
A59: 56 | B59: 43313 | C59: 37398 | D59: 36245 | E59: 36278 | F59: =E59*0.98 -> 35552.44
A60: 57 | B60: 43344 | C60: 41728 | D60: 40538 | E60: 40761 | F60: =E60*0.98 -> 39945.78
A61: 58 | B61: 43374 | C61: 43010 | D61: 41948 | E61: 42110 | F61: =E61*0.98 -> 41267.8
A62: 59 | B62: 43405 | C62: 31549 | D62: 30416 | E62: 30828 | F62: =E62*0.98 -> 30211.44
A63: 60 | B63: 43435 | C63: 44744 | D63: 43600 | E63: 44026 | F63: =E63*0.98 -> 43145.48
A64: 61 | B64: 43466 | C64: 37771 | D64: 37086 | E64: 37050 | F64: =E64*0.98 -> 36309 | G64: =SUM(F64:F75) -> 506962.82
A65: 62 | B65: 43497 | C65: 38015 | D65: 37361 | E65: 37107 | F65: =E65*0.98 -> 36364.86
A66: 63 | B66: 43525 | C66: 42336 | D66: 41364 | E66: 41904 | F66: =E66*0.98 -> 41065.92
A67: 64 | B67: 43556 | C67: 39373 | D67: 38532 | E67: 38669 | F67: =E67*0.98 -> 37895.62
A68: 65 | B68: 43586 | C68: 43067 | D68: 41979 | E68: 42188 | F68: =E68*0.98 -> 41344.24
A69: 66 | B69: 43617 | C69: 39424 | D69: 38717 | E69: 38735 | F69: =E69*0.98 -> 37960.3
A70: 67 | B70: 43647 | C70: 52326 | D70: 51665 | E70: 51334 | F70: =E70*0.98 -> 50307.32
A71: 68 | B71: 43678 | C71: 49101 | D71: 47909 | E71: 48633 | F71: =E71*0.98 -> 47660.34
A72: 69 | B72: 43709 | C72: 50390 | D72: 50002 | E72: 50058 | F72: =E72*0.98 -> 49056.84
A73: 70 | B73: 43739 | C73: 39611 | D73: 38638 | E73: 37225 | F73: =E73*0.98 -> 36480.5
A74: 71 | B74: 43770 | C74: 47364 | D74: 46634 | E74: 47077 | F74: =E74*0.98 -> 46135.46
A75: 72 | B75: 43800 | C75: 47862 | D75: 47603 | E75: 47329 | F75: =E75*0.98 -> 46382.42
A76: 73 | B76: 43831 | C76: 40517 | D76: 39937 | E76: 40209 | F76: =E76*0.98 -> 39404.82 | G76: =SUM(F76:F87) -> 400637.56
A77: 74 | B77: 43862 | C77: 36339 | D77: 35082 | E77: 35789 | F77: =E77*0.98 -> 35073.22
A78: 75 | B78: 43891 | C78: 29289.76 | D78: 28781.255 | E78: 29069.459 | F78: =E78*0.98 -> 28488.07
A79: 76 | B79: 43922 | C79: 0 | D79: 0 | E79: 0 | F79: =E79*0.98 -> 0
A80: 77 | B80: 43952 | C80: 14900.51 | D80: 16036.814 | E80: 12180.894 | F80: =E80*0.98 -> 11937.276
A81: 78 | B81: 43983 | C81: 33053.48 | D81: 31897.493 | E81: 32429.079 | F81: =E81*0.98 -> 31780.497
A82: 79 | B82: 44013 | C82: 43421.04 | D82: 43832.883 | E82: 43143.86 | F82: =E82*0.98 -> 42280.983
A83: 80 | B83: 44044 | C83: 37754.05 | D83: 37077.335 | E83: 37572.836 | F83: =E83*0.98 -> 36821.379
A84: 81 | B84: 44075 | C84: 43972.51 | D84: 44185.095 | E84: 43803.955 | F84: =E84*0.98 -> 42927.876
A85: 82 | B85: 44105 | C85: 47296.47 | D85: 47098.872 | E85: 47016.209 | F85: =E85*0.98 -> 46075.885
A86: 83 | B86: 44136 | C86: 36754.18 | D86: 36745.263 | E86: 36639.12 | F86: =E86*0.98 -> 35906.338
A87: 84 | B87: 44166 | C87: 51052.39 | D87: 51034.959 | E87: 50960.425 | F87: =E87*0.98 -> 49941.216
A88: 85 | B88: 44197 | C88: 39079.809 | D88: 39079.41 | E88: 39008.152 | F88: =E88*0.98 -> 38227.989 | G88: =SUM(F88:F99) -> 495842.34
A89: 86 | B89: 44228 | C89: 47209.309 | D89: 47307.58 | E89: 47154.077 | F89: =E89*0.98 -> 46210.995
A90: 87 | B90: 44256 | C90: 52113.953 | D90: 52150.89 | E90: 51976.346 | F90: =E90*0.98 -> 50936.819
A91: 88 | B91: 44287 | C91: 46053 | D91: 46041 | E91: 45747 | F91: =E91*0.98 -> 44832.06
A92: 89 | B92: 44317 | C92: 0 | D92: 0 | E92: 0 | F92: =E92*0.98 -> 0
A93: 90 | B93: 44348 | C93: 21351 | D93: 21387 | E93: 21094 | F93: =E93*0.98 -> 20672.12
A94: 91 | B94: 44378 | C94: 50693 | D94: 50700 | E94: 50507 | F94: =E94*0.98 -> 49496.86
A95: 92 | B95: 44409 | C95: 53783 | D95: 53809 | E95: 53546 | F95: =E95*0.98 -> 52475.08
A96: 93 | B96: 44440 | C96: 50085 | D96: 50094 | E96: 49698 | F96: =E96*0.98 -> 48704.04
A97: 94 | B97: 44470 | C97: 46388 | D97: 52493 | E97: 52644 | F97: =E97*0.98 -> 51591.12
A98: 95 | B98: 44501 | C98: 40127 | D98: 40197 | E98: 40084 | F98: =E98*0.98 -> 39282.32
A99: 96 | B99: 44531 | C99: 54707 | D99: 54673 | E99: 54503 | F99: =E99*0.98 -> 53412.94
A100: 97 | B100: 44562 | C100: 42769 | D100: 42722 | E100: 42649 | F100: =E100*0.98 -> 41796.02 | G100: =SUM(F100:F111) -> 481351.79
...

Sheet Year Wise
D4: Year | E4: Total ROUs
E5: (1000 liters)/yr
E6: UCR Cap (1 million RoUs/yr
D7: 2014 | E7: =RoUs!G4 -> 202449.7
D8: 2015 | E8: =RoUs!G16 -> 276828.44
D9: 2016 | E9: =RoUs!G28 -> 301964.46
D10: 2017 | E10: =RoUs!G40 -> 425386.64
D11: 2018 | E11: =RoUs!G52 -> 455678.44
D12: 2019 | E12: =RoUs!G64 -> 506962.82
D13: 2020 | E13: =RoUs!G76 -> 400637.56
D14: 2021 | E14: =RoUs!G88 -> 495842.34
D15: 2022 | E15: =RoUs!G100 -> 481351.79
D16: 2023 | E16: =RoUs!G112 -> 539776.48
D17: 2024 | E17: =RoUs!G124 -> 724032.82
D18: Total RoUs | E18: =SUM(E7:E17) -> 4810911.5
